<?xml version="1.0" encoding="UTF-8"?>

<beans  
    xmlns="http://www.springframework.org/schema/beans"  
    xmlns:xsi="http://www.w3.org/2001/XMLSchema-instance"  
    xmlns:p="http://www.springframework.org/schema/p"  
    xmlns:tx="http://www.springframework.org/schema/tx"
    xmlns:aop="http://www.springframework.org/schema/aop"
    xsi:schemaLocation="http://www.springframework.org/schema/beans  
        http://www.springframework.org/schema/beans/spring-beans-3.0.xsd
        http://www.springframework.org/schema/aop http://www.springframework.org/schema/aop/spring-aop-4.0.xsd
        http://www.springframework.org/schema/tx  http://www.springframework.org/schema/tx/spring-tx-4.0.xsd">  
  
  
    <bean id="ds" class="org.apache.commons.dbcp.BasicDataSource">  
        <property name="driverClassName"  value="org.h2.Driver"></property>  
        <property name="url" value="jdbc:h2:tcp://localhost/~/test"></property>  
        <property name="username" value="sa"></property>  
        <property name="password" value="sa"></property>  
    </bean>  
      
    <bean id="mysessionFactory"  class="org.springframework.orm.hibernate5.LocalSessionFactoryBean">  
        <property name="dataSource" ref="ds"></property>  
          
        <property name="mappingResources">  
        <list>  
        <value>employee.hbm.xml</value>  
        </list>  
        </property>  
          
        <property name="hibernateProperties">  
            <props>  
                <prop key="hibernate.dialect">org.hibernate.dialect.H2Dialect</prop>  
                <prop key="hibernate.hbm2ddl.auto">update</prop>  
                <prop key="hibernate.show_sql">true</prop>  
                  
            </props>  
        </property>  
    </bean>  
      
    <bean id="template" class="org.springframework.orm.hibernate5.HibernateTemplate">  
    <property name="sessionFactory" ref="mysessionFactory"></property>  
    
    </bean>  
      
    <bean id="d" class="com.niit.SpringTrx.EmployeeDao">  
    <property name="template" ref="template"></property>  
    </bean>  
    
    <tx:annotation-driven transaction-manager="transactionManager"/>
    <bean id="transactionManager"
        class="org.springframework.orm.hibernate5.HibernateTransactionManager">
        <property name="sessionFactory" ref="mysessionFactory"></property>
    </bean>
    </beans>  